-- MySQL dump 10.13  Distrib 8.0.33, for Linux (x86_64)
--
-- Host: 127.0.0.1    Database: hybrid_mern_06Mar2025
-- ------------------------------------------------------
-- Server version	8.0.33

/*!40101 SET @OLD_CHARACTER_SET_CLIENT=@@CHARACTER_SET_CLIENT */;
/*!40101 SET @OLD_CHARACTER_SET_RESULTS=@@CHARACTER_SET_RESULTS */;
/*!40101 SET @OLD_COLLATION_CONNECTION=@@COLLATION_CONNECTION */;
/*!50503 SET NAMES utf8mb4 */;
/*!40103 SET @OLD_TIME_ZONE=@@TIME_ZONE */;
/*!40103 SET TIME_ZONE='+00:00' */;
/*!40014 SET @OLD_UNIQUE_CHECKS=@@UNIQUE_CHECKS, UNIQUE_CHECKS=0 */;
/*!40014 SET @OLD_FOREIGN_KEY_CHECKS=@@FOREIGN_KEY_CHECKS, FOREIGN_KEY_CHECKS=0 */;
/*!40101 SET @OLD_SQL_MODE=@@SQL_MODE, SQL_MODE='NO_AUTO_VALUE_ON_ZERO' */;
/*!40111 SET @OLD_SQL_NOTES=@@SQL_NOTES, SQL_NOTES=0 */;

--
-- Table structure for table `iib_candidate`
--

DROP TABLE IF EXISTS `iib_candidate`;
/*!40101 SET @saved_cs_client     = @@character_set_client */;
/*!50503 SET character_set_client = utf8mb4 */;
CREATE TABLE `iib_candidate` (
  `membership_no` varchar(20) NOT NULL DEFAULT '',
  `exam_centre_code` int DEFAULT NULL,
  `mem_type` char(2) DEFAULT NULL,
  `gender` char(1) DEFAULT NULL,
  `password` varchar(50) NOT NULL DEFAULT '',
  `password_act` varchar(50) DEFAULT NULL,
  `address1` varchar(100) DEFAULT NULL,
  `address2` varchar(100) DEFAULT NULL,
  `address3` varchar(100) NOT NULL DEFAULT '',
  `address4` varchar(100) NOT NULL DEFAULT '',
  `address5` varchar(100) DEFAULT NULL,
  `address6` varchar(100) DEFAULT NULL,
  `city` varchar(100) DEFAULT NULL,
  `state` varchar(100) DEFAULT NULL,
  `zone_code` varchar(5) DEFAULT NULL,
  `state_code` varchar(5) DEFAULT NULL,
  `name` varchar(100) DEFAULT NULL,
  `pin_code` varchar(20) DEFAULT NULL,
  `institution_code` varchar(20) DEFAULT NULL,
  `institution_name` varchar(255) DEFAULT NULL,
  `raw_password` varchar(200) NOT NULL,
  PRIMARY KEY (`membership_no`)
) ENGINE=MyISAM DEFAULT CHARSET=latin1;
/*!40101 SET character_set_client = @saved_cs_client */;

--
-- Dumping data for table `iib_candidate`
--

LOCK TABLES `iib_candidate` WRITE;
/*!40000 ALTER TABLE `iib_candidate` DISABLE KEYS */;
INSERT INTO `iib_candidate` VALUES ('110000705',14,'E','F','*9394A4DF42C718594C4165C06BD0C965624AE877','*9394A4DF42C718594C4165C06BD0C965624AE877','AWADHESH SHARMA','REGION: CR','TICKET NO: 100000001','','','','-','-','','','MADHUMALA KUMARI','-','','','MjMxMDE5ODk='),('110000408',14,'E','F','*A94D3BB40F4B7201B27DE9905CB662B2DE9B761E','*A94D3BB40F4B7201B27DE9905CB662B2DE9B761E','KAUSHAL KISHOR KUMAR','REGION: CR','TICKET NO: 100000006','','','','-','-','','','GUNJA KUMARI','-','','','MTAwODE5ODU='),('110000466',14,'E','F','*ECC03F23614527D22101B5873B9B612AD255B5B5','*ECC03F23614527D22101B5873B9B612AD255B5B5','PARSHNATH','REGION: CR','TICKET NO: 100000008','','','','-','-','','','ARPANA BHARTI','-','','','MjcwNjE5OTI='),('110005472',14,'E','F','*775161DB234768CD1B6B76D6F1F0F42FF3C80315','*775161DB234768CD1B6B76D6F1F0F42FF3C80315','RAMCHANDRA PRASAD','REGION: CR','TICKET NO: 100000009','','','','-','-','','','RUBY KUMARI','-','','','MjkwMTE5OTE='),('110000567',14,'E','M','*11428011DB2B8975458A826BE351C7FE99B0B14D','*11428011DB2B8975458A826BE351C7FE99B0B14D','SUBAL CHANDRA RAJHANS','REGION: CR','TICKET NO: 100000011','','','','-','-','','','DEO NARAYAN RAJHANS','-','','','MTAwMTE5OTA='),('110000778',14,'E','M','*F4477F1D4CF3BCC2A8681BD294AAE9357C2210DC','*F4477F1D4CF3BCC2A8681BD294AAE9357C2210DC','YOGENDRA SINGH','REGION: CR','TICKET NO: 100000013','','','','-','-','','','KUMAR RAO VIRENDRA','-','','','MTExMTE5OTM='),('110002333',14,'E','F','*4B5CCE561B8CA8FF067EBEC291DA91D5B15AE3A3','*4B5CCE561B8CA8FF067EBEC291DA91D5B15AE3A3','SHANKAR TIWARI','REGION: CR','TICKET NO: 100000015','','','','-','-','','','KUMARI VIJAYA','-','','','NTEyMTk4OQ=='),('110001254',14,'E','M','*A5E4B35E0A3A50B290583414146B083B1541CA12','*A5E4B35E0A3A50B290583414146B083B1541CA12','BHAGWAN RAM GOND','REGION: CR','TICKET NO: 100000024','','','','-','-','','','HARIHARNATH KUMAR','-','','','MjExMTE5OTI='),('110001447',14,'E','F','*E0AD2EA98F96F0E22187B50433C14ABEA086414A','*E0AD2EA98F96F0E22187B50433C14ABEA086414A','RAM DHARI','REGION: CR','TICKET NO: 100000028','','','','-','-','','','MAMATA','-','','','NzAzMTk5Mg=='),('110001509',14,'E','F','*D077555EF64C860381BA8FAD5B2F11A14C843899','*D077555EF64C860381BA8FAD5B2F11A14C843899','VIJAY KUMAR TIWARI','REGION: CR','TICKET NO: 100000029','','','','-','-','','','JUHI KUMARI','-','','','MTAwMTE5OTQ='),('110001560',14,'E','F','*AAF6E311E5143BD0CE8BD9844669144DBA9AC58B','*AAF6E311E5143BD0CE8BD9844669144DBA9AC58B','ASHARFI PASWAN','REGION: CR','TICKET NO: 100000030','','','','-','-','','','KIRAN KUMARI','-','','','MTcxMTE5OTA='),('110033606',14,'E','F','*501B9F5EBB1E67DD9E3E21E3A5DC51DEE5B86DEF','*501B9F5EBB1E67DD9E3E21E3A5DC51DEE5B86DEF','SURENDRA NATH VISHWAKARMA','REGION: CR','TICKET NO: 100000037','','','','-','-','','','MONIKA VISHWAKARMA','-','','','MTUwNzE5ODY='),('110001761',14,'E','M','*58FCBF4E80FFC8428B31C23FAFAB07161F7B586C','*58FCBF4E80FFC8428B31C23FAFAB07161F7B586C','MOHAN PRASAD RAJAK','REGION: CR','TICKET NO: 100000041','','','','-','-','','','ASHISH KUMAR','-','','','MjgxMTE5OTA='),('110001808',14,'E','F','*31936BD47CBCD1206C9C20F8BC1670E437BAECCC','*31936BD47CBCD1206C9C20F8BC1670E437BAECCC','RAM NARESH PANDEY','REGION: CR','TICKET NO: 100000043','','','','-','-','','','AMRITA KUMARI','-','','','MTIwNTE5OTQ='),('110001828',14,'E','F','*2FCBE05B3B659AFF1A02FEF3EF176AE4DCED96A9','*2FCBE05B3B659AFF1A02FEF3EF176AE4DCED96A9','RAM NAGINA SINGH','REGION: CR','TICKET NO: 100000045','','','','-','-','','','PAMMI KUMARI','-','','','MTAwMjE5ODc='),('110001929',14,'E','M','*FFAC93B8FFD94D5B28CE5D7E95D77BBE21F0744D','*FFAC93B8FFD94D5B28CE5D7E95D77BBE21F0744D','KAMESHWAR PRASAD','REGION: CR','TICKET NO: 100000047','','','','-','-','','','AMIT KUMAR','-','','','MjUxMDE5OTA='),('110002084',14,'E','M','*463D7A9E50397E1FCD6D373EA7475FF1C5C84692','*463D7A9E50397E1FCD6D373EA7475FF1C5C84692','CHANDSEER DAS','REGION: CR','TICKET NO: 100000055','','','','-','-','','','SHRIKANT KUMAR','-','','','MjUwMTE5OTI='),('110002220',14,'E','F','*B1716F336BDABA2AEE15A0DAA17F2F2A7AE5D73D','*B1716F336BDABA2AEE15A0DAA17F2F2A7AE5D73D','RAM NARESH RAM','REGION: CR','TICKET NO: 100000060','','','','-','-','','','PRACHI PRIYA','-','','','MTUwMTE5OTE='),('110002358',14,'E','F','*04719FDA999D69DE354962EE27599A58A7710B84','*04719FDA999D69DE354962EE27599A58A7710B84','ARJUN SINGH','REGION: CR','TICKET NO: 100000064','','','','-','-','','','POOJA','-','','','MTUwMzE5OTA='),('110002569',14,'E','F','*A639007133F4A4DDD941F51C4C7FA9DA97C6E3E8','*A639007133F4A4DDD941F51C4C7FA9DA97C6E3E8','SURENDRA KUMAR SHARMA','REGION: CR','TICKET NO: 100000069','','','','-','-','','','SURUCHIKA KUMARI','-','','','MTEwODE5OTc='),('110002540',14,'E','F','*6E5674E84AC94386196A188CCF6C0C4F1B8D2E3C','*6E5674E84AC94386196A188CCF6C0C4F1B8D2E3C','RAMAKANT THAKUR','REGION: CR','TICKET NO: 100000070','','','','-','-','','','VANDANA KUMARI','-','','','MjAwOTE5ODY='),('110002576',14,'E','F','*7A0FEA99ACE58B690DD0F6BB7014418068142047','*7A0FEA99ACE58B690DD0F6BB7014418068142047','VINDESHWAR PRASAD SINGH','REGION: CR','TICKET NO: 100000073','','','','-','-','','','PRAGYA KUMARI','-','','','ODAxMTk5MQ=='),('110002600',14,'E','M','*0E71B46A80D186B8D3C25D99245C7E213853AAD1','*0E71B46A80D186B8D3C25D99245C7E213853AAD1','CHHEDI PRASAD VARMA','REGION: CR','TICKET NO: 100000077','','','','-','-','','','PRAMOD KUMAR','-','','','MTAwODE5OTI='),('110002658',14,'E','F','*30B9F3D08B5EE15E2DAA597879BC2E9809B80153','*30B9F3D08B5EE15E2DAA597879BC2E9809B80153','KUMAR LAKSHMI KANT SHARMA','REGION: CR','TICKET NO: 100000079','','','','-','-','','','KALYANI SHARMA','-','','','MTAwNjE5OTU='),('110002691',14,'E','F','*AF4B51E795C12063030409006E92ECB6E8889CD2','*AF4B51E795C12063030409006E92ECB6E8889CD2','RAMBILAS PASWAN','REGION: CR','TICKET NO: 100000083','','','','-','-','','','CHANCHLA KUMARI','-','','','MTUwODE5OTE='),('110002779',14,'E','F','*CF6F4A561896CA83CCC91319007252C94C7D05C0','*CF6F4A561896CA83CCC91319007252C94C7D05C0','MANOJ KUMAR','REGION: CR','TICKET NO: 100000085','','','','-','-','','','SONAM KUMARI','-','','','MTUxMjE5OTM='),('110002804',14,'E','F','*39D6B3E51DB0D7A6E20EFC9FB58FC94340AA855E','*39D6B3E51DB0D7A6E20EFC9FB58FC94340AA855E','DEO KUMAR MISHRA','REGION: CR','TICKET NO: 100000086','','','','-','-','','','UMA SHREE','-','','','NzEyMTk4OA=='),('110041462',14,'E','F','*BBA5D6762CEB6DA259FA4FD7A8F57DBB5547DE9C','*BBA5D6762CEB6DA259FA4FD7A8F57DBB5547DE9C','	ASHOK KUMAR JHA','REGION: CR','TICKET NO: 100000087','','','','-','-','','','SHIPRA KUMARI','-','','','NzA1MTk5Ng=='),('110002963',14,'E','F','*C905ED3F2928595A0E185E8065876DAEBF7A58AD','*C905ED3F2928595A0E185E8065876DAEBF7A58AD','SURENDRA PRASAD','REGION: CR','TICKET NO: 100000091','','','','-','-','','','KANCHAN','-','','','MjUwODE5ODY='),('110002954',14,'E','F','*6D86A97CDA40011E44C15FC02C1DBB900A95B4A9','*6D86A97CDA40011E44C15FC02C1DBB900A95B4A9','DEEPAK PRASAD GUPTA','REGION: CR','TICKET NO: 100000092','','','','-','-','','','NISHA KUMARI','-','','','MTYwMjE5OTk='),('110003166',14,'E','F','*81A5FA8F6C11128474401C9A0B9A00481BBF7195','*81A5FA8F6C11128474401C9A0B9A00481BBF7195','RAJ BARDHAN SINGH','REGION: CR','TICKET NO: 100000099','','','','-','-','','','VANDANA KUMARI','-','','','MjgwMjE5ODc='),('110003174',14,'E','F','*8D4BC11F66F007A12FEA2CE5841103F2146AF3EE','*8D4BC11F66F007A12FEA2CE5841103F2146AF3EE','MAHENDRA SINGH','REGION: CR','TICKET NO: 100000100','','','','-','-','','','PRIYANKA PRIYADARSHI','-','','','MjAxMTk5Mg=='),('110003485',14,'E','F','*F839DBFD86A7A60F1FF7C66386E719C128751673','*F839DBFD86A7A60F1FF7C66386E719C128751673','ASHOK KUMAR SINGH','REGION: CR','TICKET NO: 100000109','','','','-','-','','','SINNU KUMARI','-','','','MTAxMTE5OTI='),('110045227',14,'E','F','*5DCB050C0A1333454C51B7C02EE62B3E1FA8CFCD','*5DCB050C0A1333454C51B7C02EE62B3E1FA8CFCD','SARJUG CHOUDHARY','REGION: CR','TICKET NO: 100000110','','','','-','-','','','NILAM KUMARI','-','','','MzExMjE5ODQ='),('110003588',14,'E','F','*003125217BD36953939FFAB7EC0E9B626BC5D3BE','*003125217BD36953939FFAB7EC0E9B626BC5D3BE','BIDYA CHAUDHARY','REGION: CR','TICKET NO: 100000114','','','','-','-','','','SEEMA KUMARI','-','','','NjAyMTk5NA=='),('110092737',14,'E','F','*6620EB7A41B978B866357A7BC6762E2B6D4C6797','*6620EB7A41B978B866357A7BC6762E2B6D4C6797','AMRESH KUMAR','REGION: CR','TICKET NO: 100000116','','','','-','-','','','KAJOL KIRAN','-','','','MzA5MTk5Mg=='),('110003865',14,'E','F','*FBB21BE7A589BDB81FE53076380E59D766007B78','*FBB21BE7A589BDB81FE53076380E59D766007B78','RAMAWATAR SHERMA','REGION: CR','TICKET NO: 100000122','','','','-','-','','','KAVITA KUMARI','-','','','MjQwODE5OTU='),('110003977',14,'E','F','*EE6B6E1F31C29309DD78362835562E7F8162C1D4','*EE6B6E1F31C29309DD78362835562E7F8162C1D4','RAM NATH CHAUDHARY','REGION: CR','TICKET NO: 100000125','','','','-','-','','','SHILPEE KUMARI','-','','','MjQxMDE5OTc='),('110003995',14,'E','F','*89614F34F871D48952CF6306A235F502DD893396','*89614F34F871D48952CF6306A235F502DD893396','UMESH CHANDRA SHARMA','REGION: CR','TICKET NO: 100000126','','','','-','-','','','PRATIBHA KUMARI','-','','','MTAxMjE5OTE='),('110004075',14,'E','F','*764F024E01B3A47ACCA3501C6F3F0410E23E5EB9','*764F024E01B3A47ACCA3501C6F3F0410E23E5EB9','BIRENDRA PRASAD SINGH','REGION: CR','TICKET NO: 100000127','','','','-','-','','','KHUSHBOO KUMARI','-','','','MTAwMTE5OTI='),('110004188',14,'E','M','*0808CA3B7F2E1EA1C3B28C020FF0BAA2F6A48B18','*0808CA3B7F2E1EA1C3B28C020FF0BAA2F6A48B18','MOHAMAD JALAL UDDIN','REGION: CR','TICKET NO: 100000131','','','','-','-','','','MOHAMAD SHABAB UDDIN','-','','','MTEwODE5OTA='),('110004247',14,'E','F','*82A1DAC81B6BCE1E7998ED5D9DE58033F10C42B8','*82A1DAC81B6BCE1E7998ED5D9DE58033F10C42B8','RAJESHWAR MAHTO','REGION: CR','TICKET NO: 100000132','','','','-','-','','','NITU KUMARI','-','','','MTIwNDE5ODU='),('110004411',14,'E','F','*A5FC032F7EF1502E5754F35B9E912DA2EB55203B','*A5FC032F7EF1502E5754F35B9E912DA2EB55203B','MAHAZOO SAW','REGION: CR','TICKET NO: 100000136','','','','-','-','','','KANCHAN KUMARI','-','','','NDA0MTk5MQ=='),('110004813',14,'E','F','*7D00CAC7975D24D5F149678FBE4052B22B655CFA','*7D00CAC7975D24D5F149678FBE4052B22B655CFA','ARUN TANTI','REGION: CR','TICKET NO: 100000146','','','','-','-','','','GITA KUMARI','-','','','NjAxMTk5Mg=='),('110005305',14,'E','F','*AF4B51E795C12063030409006E92ECB6E8889CD2','*AF4B51E795C12063030409006E92ECB6E8889CD2','MD SAJJAD','REGION: CR','TICKET NO: 100000163','','','','-','-','','','SHABANA KHATOON','-','','','MTUwODE5OTE='),('110005519',14,'E','F','*9F764E886600336C00C4DC1B4A3E00E583E3CF29','*9F764E886600336C00C4DC1B4A3E00E583E3CF29','SOMNATH MUNDA','REGION: CR','TICKET NO: 100000169','','','','-','-','','','SAVITRI KUMARI','-','','','MTUwMzE5OTQ='),('110005493',14,'E','F','*137B61337602E0A3C9F96B893965C81BD892DFFC','*137B61337602E0A3C9F96B893965C81BD892DFFC','RAMAKANT PRASAD SHARMA','REGION: CR','TICKET NO: 100000170','','','','-','-','','','BABITA KUMARI','-','','','MzExMjE5ODY='),('110068459',14,'E','F','*D66AC86175C9120038D158D111F928BC57092EB0','*D66AC86175C9120038D158D111F928BC57092EB0','MD YASIN ANSARI','REGION: CR','TICKET NO: 100000171','','','','-','-','','','SHAIMA NAZ','-','','','MTMxMjE5ODg='),('110005707',14,'E','M','*DD7A90D598B253A4CA8B55D6FDA58F77F9F30844','*DD7A90D598B253A4CA8B55D6FDA58F77F9F30844','LATE TARKESHWAR PRASAD','REGION: CR','TICKET NO: 100000176','','','','-','-','','','SONU KUMAR','-','','','MTAyMTk4OQ=='),('110005960',14,'E','F','*87C6BEB44D73956ED29C697AE5DF0817CA503734','*87C6BEB44D73956ED29C697AE5DF0817CA503734','DEVNATH PRASAD SAH','REGION: CR','TICKET NO: 100000181','','','','-','-','','','INDU KUMARI','-','','','MTUwMTE5ODU='),('110006090',14,'E','F','*480EF750AEEF7D480BED3D4A0C59BAD91DEDDA2D','*480EF750AEEF7D480BED3D4A0C59BAD91DEDDA2D','MADHUSUDAN SINGH','REGION: CR','TICKET NO: 100000185','','','','-','-','','','KUMARI ANAMIKA','-','','','MjEyMTk5NQ=='),('110017784',14,'E','F','*D6AB277DF1AE1D861C06B439DD1499BBB54BF047','*D6AB277DF1AE1D861C06B439DD1499BBB54BF047','RANJIT KUMAR SINGH','REGION: CR','TICKET NO: 100000187','','','','-','-','','','PRIYANKA KUMARI','-','','','OTA4MTk5MA=='),('110006149',14,'E','F','*9276307BB0D5E88601D0F44AFC88FEAF40640CC9','*9276307BB0D5E88601D0F44AFC88FEAF40640CC9','PARWEZ ALAM ANSARI','REGION: CR','TICKET NO: 100000188','','','','-','-','','','NAJIYA KHATOON','-','','','MTYwMTE5OTI='),('110006198',14,'E','M','*F7CC70AE53A13844D030435114BF66323B946B7B','*F7CC70AE53A13844D030435114BF66323B946B7B','RAM VEELAS ISHWAR','REGION: CR','TICKET NO: 100000189','','','','-','-','','','JAINENDRA KUMAR','-','','','NTEyMTk5MA=='),('110006254',14,'E','F','*149DA5054357B0A620A09BA3A984F144D20F4191','*149DA5054357B0A620A09BA3A984F144D20F4191','PRAMOD KUMAR','REGION: CR','TICKET NO: 100000190','','','','-','-','','','LABHALI KUMARI','-','','','MTA1MTk4NQ=='),('110025965',14,'E','F','*2EF95B441D02D647E9C5251DBF40CDB2B81D6DD4','*2EF95B441D02D647E9C5251DBF40CDB2B81D6DD4','GITA GUPTA','REGION: CR','TICKET NO: 100000193','','','','-','-','','','SAKSHI ANAND','-','','','OTAxMTk5NA=='),('110006333',14,'E','F','*BA78B16797FE113DC810D3E99714635EBE92C673','*BA78B16797FE113DC810D3E99714635EBE92C673','ANIL KUMAR CHAUDHARY','REGION: CR','TICKET NO: 100000196','','','','-','-','','','ANUPAMA CHAUDHARY','-','','','MTA3MTk5NQ==');
/*!40000 ALTER TABLE `iib_candidate` ENABLE KEYS */;
UNLOCK TABLES;

--
-- Table structure for table `iib_candidate_iway`
--

DROP TABLE IF EXISTS `iib_candidate_iway`;
/*!40101 SET @saved_cs_client     = @@character_set_client */;
/*!50503 SET character_set_client = utf8mb4 */;
CREATE TABLE `iib_candidate_iway` (
  `membership_no` char(20) NOT NULL DEFAULT '',
  `centre_code` char(20) NOT NULL DEFAULT '',
  `exam_code` char(20) NOT NULL DEFAULT '',
  `subject_code` char(20) NOT NULL DEFAULT '',
  `zone_code` time NOT NULL DEFAULT '00:00:00',
  `state_code` char(5) DEFAULT NULL,
  `exam_date` date DEFAULT '0000-00-00',
  `exam_time` time DEFAULT '00:00:00',
  `qp_assigned` enum('Y','N') DEFAULT 'N',
  `qp_generated` enum('Y','N') DEFAULT 'N',
  PRIMARY KEY (`membership_no`,`exam_code`,`subject_code`),
  KEY `membership_no` (`membership_no`),
  KEY `subject_code` (`subject_code`),
  KEY `exam_code` (`exam_code`),
  KEY `centre_code` (`centre_code`),
  KEY `exam_date` (`exam_date`),
  KEY `exam_time` (`exam_time`)
) ENGINE=MyISAM DEFAULT CHARSET=latin1;
/*!40101 SET character_set_client = @saved_cs_client */;

--
-- Dumping data for table `iib_candidate_iway`
--

LOCK TABLES `iib_candidate_iway` WRITE;
/*!40000 ALTER TABLE `iib_candidate_iway` DISABLE KEYS */;
INSERT INTO `iib_candidate_iway` VALUES ('110000705','823001A','100','101','09:00:00','','2025-03-21','09:00:00','N','N'),('110000408','823001A','100','101','09:00:00','','2025-03-21','09:00:00','N','N'),('110000466','823001A','100','101','09:00:00','','2025-03-21','09:00:00','N','N'),('110005472','823001A','100','101','09:00:00','','2025-03-21','09:00:00','N','N'),('110000567','823001A','100','101','09:00:00','','2025-03-21','09:00:00','N','N'),('110000778','823001A','100','101','09:00:00','','2025-03-21','09:00:00','N','N'),('110002333','823001A','100','101','09:00:00','','2025-03-21','09:00:00','N','N'),('110001254','823001A','100','101','09:00:00','','2025-03-21','09:00:00','N','N'),('110001447','823001A','100','102','09:00:00','','2025-03-21','09:00:00','N','N'),('110001509','823001A','100','102','09:00:00','','2025-03-21','09:00:00','N','N'),('110001560','823001A','100','102','09:00:00','','2025-03-21','09:00:00','N','N'),('110033606','823001A','100','102','09:00:00','','2025-03-21','09:00:00','N','N'),('110001761','823001A','100','102','09:00:00','','2025-03-21','09:00:00','N','N'),('110001808','823001A','100','102','09:00:00','','2025-03-21','09:00:00','N','N'),('110001828','823001A','100','102','09:00:00','','2025-03-21','09:00:00','N','N'),('110001929','823001A','100','102','09:00:00','','2025-03-21','09:00:00','N','N'),('110002084','823001A','100','103','12:00:00','','2025-03-21','12:00:00','N','N'),('110002220','823001A','100','103','12:00:00','','2025-03-21','12:00:00','N','N'),('110002358','823001A','100','103','12:00:00','','2025-03-21','12:00:00','N','N'),('110002569','823001A','100','103','12:00:00','','2025-03-21','12:00:00','N','N'),('110002540','823001A','100','103','12:00:00','','2025-03-21','12:00:00','N','N'),('110002576','823001A','100','103','12:00:00','','2025-03-21','12:00:00','N','N'),('110002600','823001A','100','104','12:00:00','','2025-03-21','12:00:00','N','N'),('110002658','823001A','100','104','12:00:00','','2025-03-21','12:00:00','N','N'),('110002691','823001A','100','104','12:00:00','','2025-03-21','12:00:00','N','N'),('110002779','823001A','100','104','12:00:00','','2025-03-21','12:00:00','N','N'),('110002804','823001A','100','104','12:00:00','','2025-03-21','12:00:00','N','N'),('110041462','823001A','100','104','12:00:00','','2025-03-21','12:00:00','N','N'),('110002963','823001A','100','104','12:00:00','','2025-03-21','12:00:00','N','N'),('110002954','823001A','100','104','12:00:00','','2025-03-21','12:00:00','N','N'),('110003166','823001A','100','104','12:00:00','','2025-03-21','12:00:00','N','N'),('110003174','823001A','100','104','12:00:00','','2025-03-21','12:00:00','N','N'),('110003485','823001A','100','105','15:00:00','','2025-03-21','15:00:00','N','N'),('110045227','823001A','100','105','15:00:00','','2025-03-21','15:00:00','N','N'),('110003588','823001A','100','105','15:00:00','','2025-03-21','15:00:00','N','N'),('110092737','823001A','100','105','15:00:00','','2025-03-21','15:00:00','N','N'),('110003865','823001A','100','105','15:00:00','','2025-03-21','15:00:00','N','N'),('110003977','823001A','100','105','15:00:00','','2025-03-21','15:00:00','N','N'),('110003995','823001A','100','106','15:00:00','','2025-03-21','15:00:00','N','N'),('110004075','823001A','100','106','15:00:00','','2025-03-21','15:00:00','N','N'),('110004188','823001A','100','106','15:00:00','','2025-03-21','15:00:00','N','N'),('110004247','823001A','100','106','15:00:00','','2025-03-21','15:00:00','N','N'),('110004411','823001A','100','106','15:00:00','','2025-03-21','15:00:00','N','N'),('110004813','823001A','100','106','15:00:00','','2025-03-21','15:00:00','N','N'),('110005305','823001A','100','102','09:00:00','','2025-03-21','09:00:00','N','N'),('110005519','823001A','100','103','12:00:00','','2025-03-21','12:00:00','N','N'),('110005493','823001A','100','103','12:00:00','','2025-03-21','12:00:00','N','N'),('110068459','823001A','100','103','12:00:00','','2025-03-21','12:00:00','N','N'),('110005707','823001A','100','104','12:00:00','','2025-03-21','12:00:00','N','N'),('110005960','823001A','100','105','15:00:00','','2025-03-21','15:00:00','N','N'),('110006090','823001A','100','105','15:00:00','','2025-03-21','15:00:00','N','N'),('110017784','823001A','100','106','15:00:00','','2025-03-21','15:00:00','N','N'),('110006149','823001A','100','106','15:00:00','','2025-03-21','15:00:00','N','N'),('110006198','823001A','100','106','15:00:00','','2025-03-21','15:00:00','N','N'),('110006254','823001A','100','106','15:00:00','','2025-03-21','15:00:00','N','N'),('110025965','823001A','100','106','15:00:00','','2025-03-21','15:00:00','N','N'),('110006333','823001A','100','106','15:00:00','','2025-03-21','15:00:00','N','N');
/*!40000 ALTER TABLE `iib_candidate_iway` ENABLE KEYS */;
UNLOCK TABLES;

--
-- Table structure for table `iib_question_paper`
--

DROP TABLE IF EXISTS `iib_question_paper`;
/*!40101 SET @saved_cs_client     = @@character_set_client */;
/*!50503 SET character_set_client = utf8mb4 */;
CREATE TABLE `iib_question_paper` (
  `question_paper_no` int NOT NULL AUTO_INCREMENT,
  `exam_code` varchar(20) NOT NULL DEFAULT '',
  `subject_code` varchar(20) NOT NULL DEFAULT '',
  `total_marks` int NOT NULL DEFAULT '0',
  `sample` enum('Y','N') DEFAULT NULL,
  `enabled` enum('Y','N') DEFAULT NULL,
  `online` enum('Y','N') DEFAULT NULL,
  `assigned` enum('Y','N') DEFAULT NULL,
  `complete` enum('Y','N') NOT NULL DEFAULT 'N',
  `membership_no` varchar(20) NOT NULL DEFAULT '',
  `medium_code` enum('H','E') NOT NULL DEFAULT 'E',
  `html_qp_generated` enum('Y','N') DEFAULT 'N',
  PRIMARY KEY (`question_paper_no`),
  KEY `membership_no_idx` (`membership_no`),
  KEY `idx_upqp` (`exam_code`,`subject_code`,`assigned`,`online`)
) ENGINE=InnoDB AUTO_INCREMENT=64 DEFAULT CHARSET=latin1;
/*!40101 SET character_set_client = @saved_cs_client */;

--
-- Dumping data for table `iib_question_paper`
--

LOCK TABLES `iib_question_paper` WRITE;
/*!40000 ALTER TABLE `iib_question_paper` DISABLE KEYS */;
INSERT INTO `iib_question_paper` VALUES (1,'','',0,NULL,NULL,NULL,NULL,'','','',NULL),(2,'','',0,NULL,NULL,NULL,NULL,'','','',NULL),(3,'','',0,NULL,NULL,NULL,NULL,'','','',NULL),(4,'','',0,NULL,NULL,NULL,NULL,'','','',NULL),(5,'','',0,NULL,NULL,NULL,NULL,'','','',NULL),(6,'','',0,NULL,NULL,NULL,NULL,'','','',NULL),(7,'','',0,NULL,NULL,NULL,NULL,'','','',NULL),(8,'','',0,NULL,NULL,NULL,NULL,'','','',NULL),(9,'','',0,NULL,NULL,NULL,NULL,'','','',NULL),(10,'','',0,NULL,NULL,NULL,NULL,'','','',NULL),(11,'','',0,NULL,NULL,NULL,NULL,'','','',NULL),(12,'','',0,NULL,NULL,NULL,NULL,'','','',NULL),(13,'','',0,NULL,NULL,NULL,NULL,'','','',NULL),(14,'','',0,NULL,NULL,NULL,NULL,'','','',NULL),(15,'','',0,NULL,NULL,NULL,NULL,'','','',NULL),(16,'','',0,NULL,NULL,NULL,NULL,'','','',NULL),(17,'','',0,NULL,NULL,NULL,NULL,'','','',NULL),(18,'','',0,NULL,NULL,NULL,NULL,'','','',NULL),(19,'','',0,NULL,NULL,NULL,NULL,'','','',NULL),(20,'','',0,NULL,NULL,NULL,NULL,'','','',NULL),(21,'','',0,NULL,NULL,NULL,NULL,'','','',NULL),(22,'','',0,NULL,NULL,NULL,NULL,'','','',NULL),(23,'','',0,NULL,NULL,NULL,NULL,'','','',NULL),(24,'','',0,NULL,NULL,NULL,NULL,'','','',NULL),(25,'','',0,NULL,NULL,NULL,NULL,'','','',NULL),(26,'','',0,NULL,NULL,NULL,NULL,'','','',NULL),(27,'','',0,NULL,NULL,NULL,NULL,'','','',NULL),(28,'','',0,NULL,NULL,NULL,NULL,'','','',NULL),(29,'','',0,NULL,NULL,NULL,NULL,'','','',NULL),(30,'','',0,NULL,NULL,NULL,NULL,'','','',NULL),(31,'','',0,NULL,NULL,NULL,NULL,'','','',NULL),(32,'','',0,NULL,NULL,NULL,NULL,'','','',NULL),(33,'','',0,NULL,NULL,NULL,NULL,'','','',NULL),(34,'','',0,NULL,NULL,NULL,NULL,'','','',NULL),(35,'','',0,NULL,NULL,NULL,NULL,'','','',NULL),(36,'','',0,NULL,NULL,NULL,NULL,'','','',NULL),(37,'','',0,NULL,NULL,NULL,NULL,'','','',NULL),(38,'','',0,NULL,NULL,NULL,NULL,'','','',NULL),(39,'','',0,NULL,NULL,NULL,NULL,'','','',NULL),(40,'','',0,NULL,NULL,NULL,NULL,'','','',NULL),(41,'','',0,NULL,NULL,NULL,NULL,'','','',NULL),(42,'','',0,NULL,NULL,NULL,NULL,'','','',NULL),(43,'','',0,NULL,NULL,NULL,NULL,'','','',NULL),(44,'','',0,NULL,NULL,NULL,NULL,'','','',NULL),(45,'','',0,NULL,NULL,NULL,NULL,'','','',NULL),(46,'','',0,NULL,NULL,NULL,NULL,'','','',NULL),(47,'','',0,NULL,NULL,NULL,NULL,'','','',NULL),(48,'','',0,NULL,NULL,NULL,NULL,'','','',NULL),(49,'','',0,NULL,NULL,NULL,NULL,'','','',NULL),(50,'','',0,NULL,NULL,NULL,NULL,'','','',NULL),(51,'','',0,NULL,NULL,NULL,NULL,'','','',NULL),(52,'','',0,NULL,NULL,NULL,NULL,'','','',NULL),(53,'','',0,NULL,NULL,NULL,NULL,'','','',NULL),(54,'','',0,NULL,NULL,NULL,NULL,'','','',NULL),(55,'','',0,NULL,NULL,NULL,NULL,'','','',NULL),(56,'','',0,NULL,NULL,NULL,NULL,'','','',NULL),(57,'','',0,NULL,NULL,NULL,NULL,'','','',NULL);
/*!40000 ALTER TABLE `iib_question_paper` ENABLE KEYS */;
UNLOCK TABLES;

--
-- Table structure for table `iib_question_paper_details`
--

DROP TABLE IF EXISTS `iib_question_paper_details`;
/*!40101 SET @saved_cs_client     = @@character_set_client */;
/*!50503 SET character_set_client = utf8mb4 */;
CREATE TABLE `iib_question_paper_details` (
  `question_paper_no` int NOT NULL DEFAULT '0',
  `subject_code` varchar(20) DEFAULT NULL,
  `section_code` varchar(20) NOT NULL DEFAULT '',
  `question_id` int NOT NULL DEFAULT '0',
  `case_id` int DEFAULT NULL,
  `answer` varchar(250) DEFAULT '',
  `answer_order` varchar(20) NOT NULL DEFAULT '',
  `display_order` int unsigned NOT NULL DEFAULT '0',
  `updated_time` datetime DEFAULT NULL,
  KEY `paper_question` (`question_paper_no`,`question_id`),
  KEY `subjectcode_idx` (`subject_code`)
) ENGINE=InnoDB DEFAULT CHARSET=latin1;
/*!40101 SET character_set_client = @saved_cs_client */;

--
-- Dumping data for table `iib_question_paper_details`
--

LOCK TABLES `iib_question_paper_details` WRITE;
/*!40000 ALTER TABLE `iib_question_paper_details` DISABLE KEYS */;
/*!40000 ALTER TABLE `iib_question_paper_details` ENABLE KEYS */;
UNLOCK TABLES;

--
-- Table structure for table `iib_ta_details`
--

DROP TABLE IF EXISTS `iib_ta_details`;
/*!40101 SET @saved_cs_client     = @@character_set_client */;
/*!50503 SET character_set_client = utf8mb4 */;
CREATE TABLE `iib_ta_details` (
  `ta_id` int unsigned NOT NULL AUTO_INCREMENT,
  `ta_login` char(20) NOT NULL DEFAULT '',
  `ta_name` char(150) NOT NULL,
  `ta_password` char(50) NOT NULL DEFAULT '',
  `cafe_id` char(20) DEFAULT NULL,
  `centre_code` char(20) NOT NULL DEFAULT '',
  `is_active` enum('0','1') DEFAULT '1',
  `start_ip` bigint NOT NULL DEFAULT '0',
  `end_ip` bigint NOT NULL DEFAULT '0',
  PRIMARY KEY (`ta_id`),
  UNIQUE KEY `ind_talogin` (`ta_login`)
) ENGINE=MyISAM AUTO_INCREMENT=7 DEFAULT CHARSET=latin1;
/*!40101 SET character_set_client = @saved_cs_client */;

--
-- Dumping data for table `iib_ta_details`
--

LOCK TABLES `iib_ta_details` WRITE;
/*!40000 ALTER TABLE `iib_ta_details` DISABLE KEYS */;
INSERT INTO `iib_ta_details` VALUES (6,'iwfr_823001A','UNIQUE INFOTECH ONLINE CENTER','*2470C0C06DEE42FD1618BB99005ADCA2EC9D1E19',':>823001A','823001A','1',0,0);
/*!40000 ALTER TABLE `iib_ta_details` ENABLE KEYS */;
UNLOCK TABLES;

--
-- Table structure for table `iib_exam_candidate`
--

DROP TABLE IF EXISTS `iib_exam_candidate`;
/*!40101 SET @saved_cs_client     = @@character_set_client */;
/*!50503 SET character_set_client = utf8mb4 */;
CREATE TABLE `iib_exam_candidate` (
  `membership_no` varchar(20) NOT NULL DEFAULT '',
  `exam_code` varchar(20) NOT NULL DEFAULT '',
  `subject_code` varchar(20) NOT NULL DEFAULT '',
  `medium_code` varchar(20) DEFAULT NULL,
  `institution_code` varchar(20) DEFAULT NULL,
  `alloted` char(1) NOT NULL DEFAULT 'N',
  KEY `id_index` (`membership_no`,`exam_code`,`subject_code`)
) ENGINE=MyISAM DEFAULT CHARSET=latin1;
/*!40101 SET character_set_client = @saved_cs_client */;

--
-- Dumping data for table `iib_exam_candidate`
--

LOCK TABLES `iib_exam_candidate` WRITE;
/*!40000 ALTER TABLE `iib_exam_candidate` DISABLE KEYS */;
INSERT INTO `iib_exam_candidate` VALUES ('110000408','100','101','E','','Y'),('110000466','100','101','E','','Y'),('110000567','100','101','E','','Y'),('110000705','100','101','E','','Y'),('110000778','100','101','E','','Y'),('110001254','100','101','E','','Y'),('110001447','100','102','E','','Y'),('110001509','100','102','E','','Y'),('110001560','100','102','E','','Y'),('110001761','100','102','E','','Y'),('110001808','100','102','E','','Y'),('110001828','100','102','E','','Y'),('110001929','100','102','E','','Y'),('110002084','100','103','E','','Y'),('110002220','100','103','E','','Y'),('110002333','100','101','E','','Y'),('110002358','100','103','E','','Y'),('110002540','100','103','E','','Y'),('110002569','100','103','E','','Y'),('110002576','100','103','E','','Y'),('110002600','100','104','E','','Y'),('110002658','100','104','E','','Y'),('110002691','100','104','E','','Y'),('110002779','100','104','E','','Y'),('110002804','100','104','E','','Y'),('110002954','100','104','E','','Y'),('110002963','100','104','E','','Y'),('110003166','100','104','E','','Y'),('110003174','100','104','E','','Y'),('110003485','100','105','E','','Y'),('110003588','100','105','E','','Y'),('110003865','100','105','E','','Y'),('110003977','100','105','E','','Y'),('110003995','100','106','E','','Y'),('110004075','100','106','E','','Y'),('110004188','100','106','E','','Y'),('110004247','100','106','E','','Y'),('110004411','100','106','E','','Y'),('110004813','100','106','E','','Y'),('110005305','100','102','E','','Y'),('110005472','100','101','E','','Y'),('110005493','100','103','E','','Y'),('110005519','100','103','E','','Y'),('110005707','100','104','E','','Y'),('110005960','100','105','E','','Y'),('110006090','100','105','E','','Y'),('110006149','100','106','E','','Y'),('110006198','100','106','E','','Y'),('110006254','100','106','E','','Y'),('110006333','100','106','E','','Y'),('110017784','100','106','E','','Y'),('110025965','100','106','E','','Y'),('110033606','100','102','E','','Y'),('110041462','100','104','E','','Y'),('110045227','100','105','E','','Y'),('110068459','100','103','E','','Y'),('110092737','100','105','E','','Y');
/*!40000 ALTER TABLE `iib_exam_candidate` ENABLE KEYS */;
UNLOCK TABLES;

--
-- Table structure for table `iib_ta_iway`
--

DROP TABLE IF EXISTS `iib_ta_iway`;
/*!40101 SET @saved_cs_client     = @@character_set_client */;
/*!50503 SET character_set_client = utf8mb4 */;
CREATE TABLE `iib_ta_iway` (
  `ta_login` varchar(20) NOT NULL DEFAULT '',
  `centre_code` varchar(20) NOT NULL DEFAULT '',
  `exam_date` date NOT NULL DEFAULT '0000-00-00',
  `exam_time` time NOT NULL DEFAULT '00:00:00'
) ENGINE=MyISAM DEFAULT CHARSET=latin1;
/*!40101 SET character_set_client = @saved_cs_client */;

--
-- Dumping data for table `iib_ta_iway`
--

LOCK TABLES `iib_ta_iway` WRITE;
/*!40000 ALTER TABLE `iib_ta_iway` DISABLE KEYS */;
INSERT INTO `iib_ta_iway` VALUES ('iwfr_823001A','823001A','2025-03-21','15:00:00');
/*!40000 ALTER TABLE `iib_ta_iway` ENABLE KEYS */;
UNLOCK TABLES;

--
-- Table structure for table `iib_exam_schedule`
--

DROP TABLE IF EXISTS `iib_exam_schedule`;
/*!40101 SET @saved_cs_client     = @@character_set_client */;
/*!50503 SET character_set_client = utf8mb4 */;
CREATE TABLE `iib_exam_schedule` (
  `exam_code` varchar(20) NOT NULL DEFAULT '',
  `subject_code` varchar(20) NOT NULL DEFAULT '',
  `exam_date` date DEFAULT NULL,
  `online` enum('Y','N') NOT NULL DEFAULT 'Y'
) ENGINE=MyISAM DEFAULT CHARSET=latin1;
/*!40101 SET character_set_client = @saved_cs_client */;

--
-- Dumping data for table `iib_exam_schedule`
--

LOCK TABLES `iib_exam_schedule` WRITE;
/*!40000 ALTER TABLE `iib_exam_schedule` DISABLE KEYS */;
INSERT INTO `iib_exam_schedule` VALUES ('100','101','2025-03-21','Y'),('100','102','2025-03-21','Y'),('100','103','2025-03-21','Y'),('100','104','2025-03-21','Y'),('100','105','2025-03-21','Y'),('100','106','2025-03-21','Y');
/*!40000 ALTER TABLE `iib_exam_schedule` ENABLE KEYS */;
UNLOCK TABLES;

--
-- Table structure for table `autoInc`
--

DROP TABLE IF EXISTS `autoInc`;
/*!40101 SET @saved_cs_client     = @@character_set_client */;
/*!50503 SET character_set_client = utf8mb4 */;
CREATE TABLE `autoInc` (
  `id` int NOT NULL AUTO_INCREMENT,
  `autoid` int DEFAULT NULL,
  `center_code` varchar(50) COLLATE utf8mb4_general_ci DEFAULT NULL,
  `serverno` varchar(2) COLLATE utf8mb4_general_ci DEFAULT NULL,
  PRIMARY KEY (`id`)
) ENGINE=InnoDB AUTO_INCREMENT=187 DEFAULT CHARSET=utf8mb4 COLLATE=utf8mb4_general_ci;
/*!40101 SET character_set_client = @saved_cs_client */;

--
-- Dumping data for table `autoInc`
--

LOCK TABLES `autoInc` WRITE;
/*!40000 ALTER TABLE `autoInc` DISABLE KEYS */;
INSERT INTO `autoInc` VALUES (182,182000,'823001A','2'),(183,183000,'823001A','3'),(184,184000,'823001A','4'),(185,185000,'823001A','5'),(186,186000,'823001A','6');
/*!40000 ALTER TABLE `autoInc` ENABLE KEYS */;
UNLOCK TABLES;

--
-- Table structure for table `biometric_report_api`
--

DROP TABLE IF EXISTS `biometric_report_api`;
/*!40101 SET @saved_cs_client     = @@character_set_client */;
/*!50503 SET character_set_client = utf8mb4 */;
CREATE TABLE `biometric_report_api` (
  `id` int NOT NULL AUTO_INCREMENT,
  `center_code` varchar(11) NOT NULL,
  `membership_no` varchar(30) NOT NULL DEFAULT '',
  `seat_no` varchar(10) NOT NULL DEFAULT '',
  `exam_date` date NOT NULL,
  `labname` text NOT NULL,
  `batch_time` varchar(10) NOT NULL DEFAULT '',
  `date_created` datetime NOT NULL DEFAULT '0000-00-00 00:00:00',
  `date_updated` timestamp NOT NULL DEFAULT '0000-00-00 00:00:00' ON UPDATE CURRENT_TIMESTAMP,
  PRIMARY KEY (`id`),
  KEY `check_bio` (`membership_no`)
) ENGINE=MyISAM AUTO_INCREMENT=112 DEFAULT CHARSET=latin1;
/*!40101 SET character_set_client = @saved_cs_client */;

--
-- Dumping data for table `biometric_report_api`
--

LOCK TABLES `biometric_report_api` WRITE;
/*!40000 ALTER TABLE `biometric_report_api` DISABLE KEYS */;
INSERT INTO `biometric_report_api` VALUES (55,'823001A','110000705','','2025-03-21','BUILDING-1 FLOOR-1ST LAB-7','09:00:00','2025-03-21 11:46:48','2025-03-21 06:16:48'),(56,'823001A','110000408','','2025-03-21','BUILDING-1 FLOOR-1ST LAB-7','09:00:00','2025-03-21 11:46:48','2025-03-21 06:16:48'),(57,'823001A','110000466','','2025-03-21','BUILDING-1 FLOOR-1ST LAB-7','09:00:00','2025-03-21 11:46:48','2025-03-21 06:16:48'),(58,'823001A','110005472','','2025-03-21','BUILDING-1 FLOOR-1ST LAB-7','09:00:00','2025-03-21 11:46:48','2025-03-21 06:16:48'),(59,'823001A','110000567','','2025-03-21','BUILDING-1 FLOOR-1ST LAB-7','09:00:00','2025-03-21 11:46:48','2025-03-21 06:16:48'),(60,'823001A','110000778','','2025-03-21','BUILDING-1 FLOOR-1ST LAB-7','09:00:00','2025-03-21 11:46:48','2025-03-21 06:16:48'),(61,'823001A','110002333','','2025-03-21','BUILDING-1 FLOOR-1ST LAB-7','09:00:00','2025-03-21 11:46:48','2025-03-21 06:16:48'),(62,'823001A','110001254','','2025-03-21','BUILDING-1 FLOOR-1ST LAB-7','09:00:00','2025-03-21 11:46:48','2025-03-21 06:16:48'),(63,'823001A','110001447','','2025-03-21','BUILDING-1 FLOOR-1ST LAB-7','09:00:00','2025-03-21 11:46:48','2025-03-21 06:16:48'),(64,'823001A','110001509','','2025-03-21','BUILDING-1 FLOOR-1ST LAB-7','09:00:00','2025-03-21 11:46:48','2025-03-21 06:16:48'),(65,'823001A','110001560','','2025-03-21','BUILDING-1 FLOOR-1ST LAB-7','09:00:00','2025-03-21 11:46:48','2025-03-21 06:16:48'),(66,'823001A','110033606','','2025-03-21','BUILDING-1 FLOOR-1ST LAB-7','09:00:00','2025-03-21 11:46:48','2025-03-21 06:16:48'),(67,'823001A','110001761','','2025-03-21','BUILDING-1 FLOOR-1ST LAB-7','09:00:00','2025-03-21 11:46:48','2025-03-21 06:16:48'),(68,'823001A','110001808','','2025-03-21','BUILDING-1 FLOOR-1ST LAB-7','09:00:00','2025-03-21 11:46:48','2025-03-21 06:16:48'),(69,'823001A','110001828','','2025-03-21','BUILDING-1 FLOOR-1ST LAB-7','09:00:00','2025-03-21 11:46:48','2025-03-21 06:16:48'),(70,'823001A','110001929','','2025-03-21','BUILDING-1 FLOOR-1ST LAB-7','09:00:00','2025-03-21 11:46:48','2025-03-21 06:16:48'),(71,'823001A','110005305','','2025-03-21','BUILDING-1 FLOOR-1ST LAB-7','09:00:00','2025-03-21 11:46:48','2025-03-21 06:16:48'),(72,'823001A','110002084','','2025-03-21','BUILDING-1 FLOOR-1ST LAB-7','12:00:00','2025-03-21 11:46:48','2025-03-21 06:16:48'),(73,'823001A','110002220','','2025-03-21','BUILDING-1 FLOOR-1ST LAB-7','12:00:00','2025-03-21 11:46:48','2025-03-21 06:16:48'),(74,'823001A','110002358','','2025-03-21','BUILDING-1 FLOOR-1ST LAB-7','12:00:00','2025-03-21 11:46:48','2025-03-21 06:16:48'),(75,'823001A','110002569','','2025-03-21','BUILDING-1 FLOOR-1ST LAB-7','12:00:00','2025-03-21 11:46:48','2025-03-21 06:16:48'),(76,'823001A','110002540','','2025-03-21','BUILDING-1 FLOOR-1ST LAB-7','12:00:00','2025-03-21 11:46:48','2025-03-21 06:16:48'),(77,'823001A','110002576','','2025-03-21','BUILDING-1 FLOOR-1ST LAB-7','12:00:00','2025-03-21 11:46:48','2025-03-21 06:16:48'),(78,'823001A','110002600','','2025-03-21','BUILDING-1 FLOOR-1ST LAB-7','12:00:00','2025-03-21 11:46:48','2025-03-21 06:16:48'),(79,'823001A','110002658','','2025-03-21','BUILDING-1 FLOOR-1ST LAB-7','12:00:00','2025-03-21 11:46:48','2025-03-21 06:16:48'),(80,'823001A','110002691','','2025-03-21','BUILDING-1 FLOOR-1ST LAB-7','12:00:00','2025-03-21 11:46:48','2025-03-21 06:16:48'),(81,'823001A','110002779','','2025-03-21','BUILDING-1 FLOOR-1ST LAB-7','12:00:00','2025-03-21 11:46:48','2025-03-21 06:16:48'),(82,'823001A','110002804','','2025-03-21','BUILDING-1 FLOOR-1ST LAB-7','12:00:00','2025-03-21 11:46:48','2025-03-21 06:16:48'),(83,'823001A','110041462','','2025-03-21','BUILDING-1 FLOOR-1ST LAB-7','12:00:00','2025-03-21 11:46:48','2025-03-21 06:16:48'),(84,'823001A','110002963','','2025-03-21','BUILDING-1 FLOOR-1ST LAB-7','12:00:00','2025-03-21 11:46:48','2025-03-21 06:16:48'),(85,'823001A','110002954','','2025-03-21','BUILDING-1 FLOOR-1ST LAB-7','12:00:00','2025-03-21 11:46:48','2025-03-21 06:16:48'),(86,'823001A','110003166','','2025-03-21','BUILDING-1 FLOOR-1ST LAB-7','12:00:00','2025-03-21 11:46:48','2025-03-21 06:16:48'),(87,'823001A','110003174','','2025-03-21','BUILDING-1 FLOOR-1ST LAB-7','12:00:00','2025-03-21 11:46:48','2025-03-21 06:16:48'),(88,'823001A','110005519','','2025-03-21','BUILDING-1 FLOOR-1ST LAB-7','12:00:00','2025-03-21 11:46:48','2025-03-21 06:16:48'),(89,'823001A','110005493','','2025-03-21','BUILDING-1 FLOOR-1ST LAB-7','12:00:00','2025-03-21 11:46:48','2025-03-21 06:16:48'),(90,'823001A','110068459','','2025-03-21','BUILDING-1 FLOOR-1ST LAB-7','12:00:00','2025-03-21 11:46:48','2025-03-21 06:16:48'),(91,'823001A','110005707','','2025-03-21','BUILDING-1 FLOOR-1ST LAB-7','12:00:00','2025-03-21 11:46:48','2025-03-21 06:16:48'),(92,'823001A','110003485','','2025-03-21','BUILDING-1 FLOOR-1ST LAB-7','15:00:00','2025-03-21 11:46:48','2025-03-21 06:16:48'),(93,'823001A','110045227','','2025-03-21','BUILDING-1 FLOOR-1ST LAB-7','15:00:00','2025-03-21 11:46:48','2025-03-21 06:16:48'),(94,'823001A','110003588','','2025-03-21','BUILDING-1 FLOOR-1ST LAB-7','15:00:00','2025-03-21 11:46:48','2025-03-21 06:16:48'),(95,'823001A','110092737','','2025-03-21','BUILDING-1 FLOOR-1ST LAB-7','15:00:00','2025-03-21 11:46:48','2025-03-21 06:16:48'),(96,'823001A','110003865','','2025-03-21','BUILDING-1 FLOOR-1ST LAB-7','15:00:00','2025-03-21 11:46:48','2025-03-21 06:16:48'),(97,'823001A','110003977','','2025-03-21','BUILDING-1 FLOOR-1ST LAB-7','15:00:00','2025-03-21 11:46:48','2025-03-21 06:16:48'),(98,'823001A','110003995','','2025-03-21','BUILDING-1 FLOOR-1ST LAB-7','15:00:00','2025-03-21 11:46:48','2025-03-21 06:16:48'),(99,'823001A','110004075','','2025-03-21','BUILDING-1 FLOOR-1ST LAB-7','15:00:00','2025-03-21 11:46:48','2025-03-21 06:16:48'),(100,'823001A','110004188','','2025-03-21','BUILDING-1 FLOOR-1ST LAB-7','15:00:00','2025-03-21 11:46:48','2025-03-21 06:16:48'),(101,'823001A','110004247','','2025-03-21','BUILDING-1 FLOOR-1ST LAB-7','15:00:00','2025-03-21 11:46:48','2025-03-21 06:16:48'),(102,'823001A','110004411','','2025-03-21','BUILDING-1 FLOOR-1ST LAB-7','15:00:00','2025-03-21 11:46:48','2025-03-21 06:16:48'),(103,'823001A','110004813','','2025-03-21','BUILDING-1 FLOOR-1ST LAB-7','15:00:00','2025-03-21 11:46:48','2025-03-21 06:16:48'),(104,'823001A','110005960','','2025-03-21','BUILDING-1 FLOOR-1ST LAB-7','15:00:00','2025-03-21 11:46:48','2025-03-21 06:16:48'),(105,'823001A','110006090','','2025-03-21','BUILDING-1 FLOOR-1ST LAB-7','15:00:00','2025-03-21 11:46:48','2025-03-21 06:16:48'),(106,'823001A','110017784','','2025-03-21','BUILDING-1 FLOOR-1ST LAB-7','15:00:00','2025-03-21 11:46:48','2025-03-21 06:16:48'),(107,'823001A','110006149','','2025-03-21','BUILDING-1 FLOOR-1ST LAB-7','15:00:00','2025-03-21 11:46:48','2025-03-21 06:16:48'),(108,'823001A','110006198','','2025-03-21','BUILDING-1 FLOOR-1ST LAB-7','15:00:00','2025-03-21 11:46:48','2025-03-21 06:16:48'),(109,'823001A','110006254','','2025-03-21','BUILDING-1 FLOOR-1ST LAB-7','15:00:00','2025-03-21 11:46:48','2025-03-21 06:16:48'),(110,'823001A','110025965','','2025-03-21','BUILDING-1 FLOOR-1ST LAB-7','15:00:00','2025-03-21 11:46:48','2025-03-21 06:16:48'),(111,'823001A','110006333','','2025-03-21','BUILDING-1 FLOOR-1ST LAB-7','15:00:00','2025-03-21 11:46:48','2025-03-21 06:16:48');
/*!40000 ALTER TABLE `biometric_report_api` ENABLE KEYS */;
UNLOCK TABLES;
/*!40103 SET TIME_ZONE=@OLD_TIME_ZONE */;

/*!40101 SET SQL_MODE=@OLD_SQL_MODE */;
/*!40014 SET FOREIGN_KEY_CHECKS=@OLD_FOREIGN_KEY_CHECKS */;
/*!40014 SET UNIQUE_CHECKS=@OLD_UNIQUE_CHECKS */;
/*!40101 SET CHARACTER_SET_CLIENT=@OLD_CHARACTER_SET_CLIENT */;
/*!40101 SET CHARACTER_SET_RESULTS=@OLD_CHARACTER_SET_RESULTS */;
/*!40101 SET COLLATION_CONNECTION=@OLD_COLLATION_CONNECTION */;
/*!40111 SET SQL_NOTES=@OLD_SQL_NOTES */;

-- Dump completed on 2025-03-21 12:41:11
